{"epoch":9,"lr-AdamW":2.0480000000000014e-10,"train_loss_step":2.629227876663208,"_step":21,"train_loss_epoch":2.629227876663208,"_timestamp":1.7308183382967744e+09,"_wandb":{"runtime":441},"_runtime":439.8547875,"trainer/global_step":319}