{"trainer/global_step":319,"train_loss_step":5.696519374847412,"lr-AdamW":2.0480000000000014e-10,"_wandb":{"runtime":441},"_step":21,"epoch":9,"train_loss_epoch":5.696519374847412,"_runtime":440.3396877,"_timestamp":1.7308176403309064e+09}