{"_wandb":{"runtime":255},"_step":33,"lr-AdamW":2.0480000000000014e-10,"_timestamp":1.7308170505597956e+09,"_runtime":254.1542175,"trainer/global_step":639,"train_loss_step":4.707589149475098,"epoch":9,"train_loss_epoch":4.707589149475098}